{"moduleName":null,"summaries":[{"symbol":{"__symbol":0,"members":[]},"metadata":{"__symbol":1,"members":[]}},{"symbol":{"__symbol":2,"members":[]},"metadata":{"__symbol":3,"members":[]}},{"symbol":{"__symbol":4,"members":[]},"metadata":{"__symbol":5,"members":[]}},{"symbol":{"__symbol":6,"members":[]},"metadata":{"__symbol":7,"members":[]}}],"symbols":[{"__symbol":0,"name":"CKEditorModule","filePath":"./ng2-ckeditor"},{"__symbol":1,"name":"CKEditorModule","filePath":"./src/ckeditor.module"},{"__symbol":2,"name":"CKEditorComponent","filePath":"./ng2-ckeditor"},{"__symbol":3,"name":"CKEditorComponent","filePath":"./src/ckeditor.component"},{"__symbol":4,"name":"CKButtonDirective","filePath":"./ng2-ckeditor"},{"__symbol":5,"name":"CKButtonDirective","filePath":"./src/ckbutton.directive"},{"__symbol":6,"name":"CKGroupDirective","filePath":"./ng2-ckeditor"},{"__symbol":7,"name":"CKGroupDirective","filePath":"./src/ckgroup.directive"}]}