[{"__symbolic":"module","version":4,"metadata":{"CKEditorModule":{"__symbolic":"class","decorators":[{"__symbolic":"call","expression":{"__symbolic":"reference","module":"@angular/core","name":"NgModule"},"arguments":[{"imports":[{"__symbolic":"reference","module":"@angular/common","name":"CommonModule"}],"declarations":[{"__symbolic":"reference","module":"./ckeditor.component","name":"CKEditorComponent"},{"__symbolic":"reference","module":"./ckbutton.directive","name":"CKButtonDirective"},{"__symbolic":"reference","module":"./ckgroup.directive","name":"CKGroupDirective"}],"exports":[{"__symbolic":"reference","module":"./ckeditor.component","name":"CKEditorComponent"},{"__symbolic":"reference","module":"./ckbutton.directive","name":"CKButtonDirective"},{"__symbolic":"reference","module":"./ckgroup.directive","name":"CKGroupDirective"}]}]}]}}}]