{"moduleName":null,"summaries":[{"symbol":{"__symbol":0,"members":[]},"metadata":{"__symbolic":"class","members":{"config":[{"__symbolic":"property","decorators":[{"__symbolic":"call","expression":{"__symbol":1,"members":[]}}]}],"readonly":[{"__symbolic":"property","decorators":[{"__symbolic":"call","expression":{"__symbol":1,"members":[]}}]}],"debounce":[{"__symbolic":"property","decorators":[{"__symbolic":"call","expression":{"__symbol":1,"members":[]}}]}],"change":[{"__symbolic":"property","decorators":[{"__symbolic":"call","expression":{"__symbol":2,"members":[]}}]}],"ready":[{"__symbolic":"property","decorators":[{"__symbolic":"call","expression":{"__symbol":2,"members":[]}}]}],"blur":[{"__symbolic":"property","decorators":[{"__symbolic":"call","expression":{"__symbol":2,"members":[]}}]}],"focus":[{"__symbolic":"property","decorators":[{"__symbolic":"call","expression":{"__symbol":2,"members":[]}}]}],"host":[{"__symbolic":"property","decorators":[{"__symbolic":"call","expression":{"__symbol":3,"members":[]},"arguments":["host"]}]}],"toolbarButtons":[{"__symbolic":"property","decorators":[{"__symbolic":"call","expression":{"__symbol":4,"members":[]},"arguments":[{"__symbol":5,"members":[]}]}]}],"toolbarGroups":[{"__symbolic":"property","decorators":[{"__symbolic":"call","expression":{"__symbol":4,"members":[]},"arguments":[{"__symbol":6,"members":[]}]}]}],"__ctor__":[{"__symbolic":"constructor","parameters":[{"__symbol":7,"members":[]}]}],"value":[{"__symbolic":"property","decorators":[{"__symbolic":"call","expression":{"__symbol":1,"members":[]}}]}],"ngOnChanges":[{"__symbolic":"method"}],"ngOnDestroy":[{"__symbolic":"method"}],"ngAfterViewInit":[{"__symbolic":"method"}],"ngAfterViewChecked":[{"__symbolic":"method"}],"updateValue":[{"__symbolic":"method"}],"ckeditorInit":[{"__symbolic":"method"}],"writeValue":[{"__symbolic":"method"}],"onChange":[{"__symbolic":"method"}],"onTouched":[{"__symbolic":"method"}],"registerOnChange":[{"__symbolic":"method"}],"registerOnTouched":[{"__symbolic":"method"}]}},"type":{"summaryKind":1,"type":{"reference":{"__symbol":0,"members":[]},"diDeps":[{"isAttribute":false,"isHost":false,"isSelf":false,"isSkipSelf":false,"isOptional":false,"token":{"identifier":{"reference":{"__symbol":7,"members":[]}}}}],"lifecycleHooks":[1,3,6,7]},"isComponent":true,"selector":"ckeditor","exportAs":null,"inputs":{"config":"config","readonly":"readonly","debounce":"debounce","value":"value"},"outputs":{"change":"change","ready":"ready","blur":"blur","focus":"focus"},"hostListeners":{},"hostProperties":{},"hostAttributes":{},"providers":[{"token":{"identifier":{"reference":{"__symbol":8,"members":[]}}},"useClass":null,"useFactory":null,"useExisting":{"identifier":{"reference":{"__symbol":0,"members":[]}}},"multi":true}],"viewProviders":[],"queries":[{"selectors":[{"identifier":{"reference":{"__symbol":5,"members":[]}}}],"first":false,"descendants":false,"propertyName":"toolbarButtons","read":null},{"selectors":[{"identifier":{"reference":{"__symbol":6,"members":[]}}}],"first":false,"descendants":false,"propertyName":"toolbarGroups","read":null}],"viewQueries":[{"selectors":[{"value":"host"}],"first":true,"descendants":true,"propertyName":"host","read":null}],"entryComponents":[],"changeDetection":1,"template":{"ngContentSelectors":[],"encapsulation":2},"componentViewType":{"__symbol":9,"members":[]},"rendererType":{"__symbol":10,"members":[]},"componentFactory":{"__symbol":11,"members":[]}}}],"symbols":[{"__symbol":0,"name":"CKEditorComponent","filePath":"./ckeditor.component"},{"__symbol":1,"name":"Input","filePath":"@angular/core/core"},{"__symbol":2,"name":"Output","filePath":"@angular/core/core"},{"__symbol":3,"name":"ViewChild","filePath":"@angular/core/core"},{"__symbol":4,"name":"ContentChildren","filePath":"@angular/core/core"},{"__symbol":5,"name":"CKButtonDirective","filePath":"./ckbutton.directive"},{"__symbol":6,"name":"CKGroupDirective","filePath":"./ckgroup.directive"},{"__symbol":7,"name":"NgZone","filePath":"@angular/core/core"},{"__symbol":8,"name":"NG_VALUE_ACCESSOR","filePath":"@angular/forms/forms"},{"__symbol":9,"name":"View_CKEditorComponent_0","filePath":"./ckeditor.component.ngfactory"},{"__symbol":10,"name":"RenderType_CKEditorComponent","filePath":"./ckeditor.component.ngfactory"},{"__symbol":11,"name":"CKEditorComponentNgFactory","filePath":"./ckeditor.component.ngfactory"}]}