{"moduleName":null,"summaries":[{"symbol":{"__symbol":0,"members":[]},"metadata":{"__symbolic":"class","members":{"name":[{"__symbolic":"property","decorators":[{"__symbolic":"call","expression":{"__symbol":1,"members":[]}}]}],"previous":[{"__symbolic":"property","decorators":[{"__symbolic":"call","expression":{"__symbol":1,"members":[]}}]}],"subgroupOf":[{"__symbolic":"property","decorators":[{"__symbolic":"call","expression":{"__symbol":1,"members":[]}}]}],"toolbarButtons":[{"__symbolic":"property","decorators":[{"__symbolic":"call","expression":{"__symbol":2,"members":[]},"arguments":[{"__symbol":3,"members":[]}]}]}],"ngAfterContentInit":[{"__symbolic":"method"}],"initialize":[{"__symbolic":"method"}]}},"type":{"summaryKind":1,"type":{"reference":{"__symbol":0,"members":[]},"diDeps":[],"lifecycleHooks":[4]},"isComponent":false,"selector":"ckgroup","exportAs":null,"inputs":{"name":"name","previous":"previous","subgroupOf":"subgroupOf"},"outputs":{},"hostListeners":{},"hostProperties":{},"hostAttributes":{},"providers":[],"viewProviders":[],"queries":[{"selectors":[{"identifier":{"reference":{"__symbol":3,"members":[]}}}],"first":false,"descendants":false,"propertyName":"toolbarButtons","read":null}],"viewQueries":[],"entryComponents":[],"changeDetection":null,"template":null,"componentViewType":null,"rendererType":null,"componentFactory":null}}],"symbols":[{"__symbol":0,"name":"CKGroupDirective","filePath":"./ckgroup.directive"},{"__symbol":1,"name":"Input","filePath":"@angular/core/core"},{"__symbol":2,"name":"ContentChildren","filePath":"@angular/core/core"},{"__symbol":3,"name":"CKButtonDirective","filePath":"./ckbutton.directive"}]}